title,slug,make,model,year,body_type,rating,summary,pros,cons,content,faq,meta_title,meta_description,is_published,is_featured
2024 Subaru Outback Review Australia,2024-subaru-outback-review-australia,Subaru,Outback,2024,SUV,8.9,"In-depth Australian review of the 2024 Subaru Outback, including performance, technology, safety, ownership costs and used-car buying advice.",Practical | Strong safety | Comfortable | Good value | Everyday usability,Top grades cost more | Inspect used examples carefully | Some rivals excel in specific areas,"The 2024 Subaru Outback is designed to meet the needs of Australian drivers looking for a practical, dependable vehicle. This review explores styling, cabin quality, infotainment, engine performance, ride comfort, handling, fuel economy or energy efficiency, safety technology, reliability, servicing, resale value and ownership costs. Before buying a used example, verify the service history, obtain a PPSR report, inspect the VIN, test all electronics, check tyres and brakes, and arrange an independent mechanical inspection. Comparing several vehicles in the market helps ensure you pay a fair price and choose the example in the best condition.

The 2024 Subaru Outback is designed to meet the needs of Australian drivers looking for a practical, dependable vehicle. This review explores styling, cabin quality, infotainment, engine performance, ride comfort, handling, fuel economy or energy efficiency, safety technology, reliability, servicing, resale value and ownership costs. Before buying a used example, verify the service history, obtain a PPSR report, inspect the VIN, test all electronics, check tyres and brakes, and arrange an independent mechanical inspection. Comparing several vehicles in the market helps ensure you pay a fair price and choose the example in the best condition.

The 2024 Subaru Outback is designed to meet the needs of Australian drivers looking for a practical, dependable vehicle. This review explores styling, cabin quality, infotainment, engine performance, ride comfort, handling, fuel economy or energy efficiency, safety technology, reliability, servicing, resale value and ownership costs. Before buying a used example, verify the service history, obtain a PPSR report, inspect the VIN, test all electronics, check tyres and brakes, and arrange an independent mechanical inspection. Comparing several vehicles in the market helps ensure you pay a fair price and choose the example in the best condition.

The 2024 Subaru Outback is designed to meet the needs of Australian drivers looking for a practical, dependable vehicle. This review explores styling, cabin quality, infotainment, engine performance, ride comfort, handling, fuel economy or energy efficiency, safety technology, reliability, servicing, resale value and ownership costs. Before buying a used example, verify the service history, obtain a PPSR report, inspect the VIN, test all electronics, check tyres and brakes, and arrange an independent mechanical inspection. Comparing several vehicles in the market helps ensure you pay a fair price and choose the example in the best condition.

The 2024 Subaru Outback is designed to meet the needs of Australian drivers looking for a practical, dependable vehicle. This review explores styling, cabin quality, infotainment, engine performance, ride comfort, handling, fuel economy or energy efficiency, safety technology, reliability, servicing, resale value and ownership costs. Before buying a used example, verify the service history, obtain a PPSR report, inspect the VIN, test all electronics, check tyres and brakes, and arrange an independent mechanical inspection. Comparing several vehicles in the market helps ensure you pay a fair price and choose the example in the best condition.

The 2024 Subaru Outback is designed to meet the needs of Australian drivers looking for a practical, dependable vehicle. This review explores styling, cabin quality, infotainment, engine performance, ride comfort, handling, fuel economy or energy efficiency, safety technology, reliability, servicing, resale value and ownership costs. Before buying a used example, verify the service history, obtain a PPSR report, inspect the VIN, test all electronics, check tyres and brakes, and arrange an independent mechanical inspection. Comparing several vehicles in the market helps ensure you pay a fair price and choose the example in the best condition.

The 2024 Subaru Outback is designed to meet the needs of Australian drivers looking for a practical, dependable vehicle. This review explores styling, cabin quality, infotainment, engine performance, ride comfort, handling, fuel economy or energy efficiency, safety technology, reliability, servicing, resale value and ownership costs. Before buying a used example, verify the service history, obtain a PPSR report, inspect the VIN, test all electronics, check tyres and brakes, and arrange an independent mechanical inspection. Comparing several vehicles in the market helps ensure you pay a fair price and choose the example in the best condition.

The 2024 Subaru Outback is designed to meet the needs of Australian drivers looking for a practical, dependable vehicle. This review explores styling, cabin quality, infotainment, engine performance, ride comfort, handling, fuel economy or energy efficiency, safety technology, reliability, servicing, resale value and ownership costs. Before buying a used example, verify the service history, obtain a PPSR report, inspect the VIN, test all electronics, check tyres and brakes, and arrange an independent mechanical inspection. Comparing several vehicles in the market helps ensure you pay a fair price and choose the example in the best condition.

The 2024 Subaru Outback is designed to meet the needs of Australian drivers looking for a practical, dependable vehicle. This review explores styling, cabin quality, infotainment, engine performance, ride comfort, handling, fuel economy or energy efficiency, safety technology, reliability, servicing, resale value and ownership costs. Before buying a used example, verify the service history, obtain a PPSR report, inspect the VIN, test all electronics, check tyres and brakes, and arrange an independent mechanical inspection. Comparing several vehicles in the market helps ensure you pay a fair price and choose the example in the best condition.

The 2024 Subaru Outback is designed to meet the needs of Australian drivers looking for a practical, dependable vehicle. This review explores styling, cabin quality, infotainment, engine performance, ride comfort, handling, fuel economy or energy efficiency, safety technology, reliability, servicing, resale value and ownership costs. Before buying a used example, verify the service history, obtain a PPSR report, inspect the VIN, test all electronics, check tyres and brakes, and arrange an independent mechanical inspection. Comparing several vehicles in the market helps ensure you pay a fair price and choose the example in the best condition.

The 2024 Subaru Outback is designed to meet the needs of Australian drivers looking for a practical, dependable vehicle. This review explores styling, cabin quality, infotainment, engine performance, ride comfort, handling, fuel economy or energy efficiency, safety technology, reliability, servicing, resale value and ownership costs. Before buying a used example, verify the service history, obtain a PPSR report, inspect the VIN, test all electronics, check tyres and brakes, and arrange an independent mechanical inspection. Comparing several vehicles in the market helps ensure you pay a fair price and choose the example in the best condition.

The 2024 Subaru Outback is designed to meet the needs of Australian drivers looking for a practical, dependable vehicle. This review explores styling, cabin quality, infotainment, engine performance, ride comfort, handling, fuel economy or energy efficiency, safety technology, reliability, servicing, resale value and ownership costs. Before buying a used example, verify the service history, obtain a PPSR report, inspect the VIN, test all electronics, check tyres and brakes, and arrange an independent mechanical inspection. Comparing several vehicles in the market helps ensure you pay a fair price and choose the example in the best condition.

The 2024 Subaru Outback is designed to meet the needs of Australian drivers looking for a practical, dependable vehicle. This review explores styling, cabin quality, infotainment, engine performance, ride comfort, handling, fuel economy or energy efficiency, safety technology, reliability, servicing, resale value and ownership costs. Before buying a used example, verify the service history, obtain a PPSR report, inspect the VIN, test all electronics, check tyres and brakes, and arrange an independent mechanical inspection. Comparing several vehicles in the market helps ensure you pay a fair price and choose the example in the best condition.

The 2024 Subaru Outback is designed to meet the needs of Australian drivers looking for a practical, dependable vehicle. This review explores styling, cabin quality, infotainment, engine performance, ride comfort, handling, fuel economy or energy efficiency, safety technology, reliability, servicing, resale value and ownership costs. Before buying a used example, verify the service history, obtain a PPSR report, inspect the VIN, test all electronics, check tyres and brakes, and arrange an independent mechanical inspection. Comparing several vehicles in the market helps ensure you pay a fair price and choose the example in the best condition.

The 2024 Subaru Outback is designed to meet the needs of Australian drivers looking for a practical, dependable vehicle. This review explores styling, cabin quality, infotainment, engine performance, ride comfort, handling, fuel economy or energy efficiency, safety technology, reliability, servicing, resale value and ownership costs. Before buying a used example, verify the service history, obtain a PPSR report, inspect the VIN, test all electronics, check tyres and brakes, and arrange an independent mechanical inspection. Comparing several vehicles in the market helps ensure you pay a fair price and choose the example in the best condition.

The 2024 Subaru Outback is designed to meet the needs of Australian drivers looking for a practical, dependable vehicle. This review explores styling, cabin quality, infotainment, engine performance, ride comfort, handling, fuel economy or energy efficiency, safety technology, reliability, servicing, resale value and ownership costs. Before buying a used example, verify the service history, obtain a PPSR report, inspect the VIN, test all electronics, check tyres and brakes, and arrange an independent mechanical inspection. Comparing several vehicles in the market helps ensure you pay a fair price and choose the example in the best condition.

The 2024 Subaru Outback is designed to meet the needs of Australian drivers looking for a practical, dependable vehicle. This review explores styling, cabin quality, infotainment, engine performance, ride comfort, handling, fuel economy or energy efficiency, safety technology, reliability, servicing, resale value and ownership costs. Before buying a used example, verify the service history, obtain a PPSR report, inspect the VIN, test all electronics, check tyres and brakes, and arrange an independent mechanical inspection. Comparing several vehicles in the market helps ensure you pay a fair price and choose the example in the best condition.

The 2024 Subaru Outback is designed to meet the needs of Australian drivers looking for a practical, dependable vehicle. This review explores styling, cabin quality, infotainment, engine performance, ride comfort, handling, fuel economy or energy efficiency, safety technology, reliability, servicing, resale value and ownership costs. Before buying a used example, verify the service history, obtain a PPSR report, inspect the VIN, test all electronics, check tyres and brakes, and arrange an independent mechanical inspection. Comparing several vehicles in the market helps ensure you pay a fair price and choose the example in the best condition.

The 2024 Subaru Outback is designed to meet the needs of Australian drivers looking for a practical, dependable vehicle. This review explores styling, cabin quality, infotainment, engine performance, ride comfort, handling, fuel economy or energy efficiency, safety technology, reliability, servicing, resale value and ownership costs. Before buying a used example, verify the service history, obtain a PPSR report, inspect the VIN, test all electronics, check tyres and brakes, and arrange an independent mechanical inspection. Comparing several vehicles in the market helps ensure you pay a fair price and choose the example in the best condition.

The 2024 Subaru Outback is designed to meet the needs of Australian drivers looking for a practical, dependable vehicle. This review explores styling, cabin quality, infotainment, engine performance, ride comfort, handling, fuel economy or energy efficiency, safety technology, reliability, servicing, resale value and ownership costs. Before buying a used example, verify the service history, obtain a PPSR report, inspect the VIN, test all electronics, check tyres and brakes, and arrange an independent mechanical inspection. Comparing several vehicles in the market helps ensure you pay a fair price and choose the example in the best condition.","Is the Subaru Outback reliable?
Generally yes, when serviced according to the manufacturer's schedule.

Should I buy a used Subaru Outback?
Yes, provided it has a clean history, complete service records and passes a professional inspection.",2024 Subaru Outback Review Australia | MyCarMarket Australia,Read our detailed 2024 Subaru Outback review for Australian buyers.,TRUE,FALSE
2024 Mitsubishi Triton Review Australia,2024-mitsubishi-triton-review-australia,Mitsubishi,Triton,2024,Ute,8.5,"In-depth Australian review of the 2024 Mitsubishi Triton, including performance, technology, safety, ownership costs and used-car buying advice.",Practical | Strong safety | Comfortable | Good value | Everyday usability,Top grades cost more | Inspect used examples carefully | Some rivals excel in specific areas,"The 2024 Mitsubishi Triton is designed to meet the needs of Australian drivers looking for a practical, dependable vehicle. This review explores styling, cabin quality, infotainment, engine performance, ride comfort, handling, fuel economy or energy efficiency, safety technology, reliability, servicing, resale value and ownership costs. Before buying a used example, verify the service history, obtain a PPSR report, inspect the VIN, test all electronics, check tyres and brakes, and arrange an independent mechanical inspection. Comparing several vehicles in the market helps ensure you pay a fair price and choose the example in the best condition.

The 2024 Mitsubishi Triton is designed to meet the needs of Australian drivers looking for a practical, dependable vehicle. This review explores styling, cabin quality, infotainment, engine performance, ride comfort, handling, fuel economy or energy efficiency, safety technology, reliability, servicing, resale value and ownership costs. Before buying a used example, verify the service history, obtain a PPSR report, inspect the VIN, test all electronics, check tyres and brakes, and arrange an independent mechanical inspection. Comparing several vehicles in the market helps ensure you pay a fair price and choose the example in the best condition.

The 2024 Mitsubishi Triton is designed to meet the needs of Australian drivers looking for a practical, dependable vehicle. This review explores styling, cabin quality, infotainment, engine performance, ride comfort, handling, fuel economy or energy efficiency, safety technology, reliability, servicing, resale value and ownership costs. Before buying a used example, verify the service history, obtain a PPSR report, inspect the VIN, test all electronics, check tyres and brakes, and arrange an independent mechanical inspection. Comparing several vehicles in the market helps ensure you pay a fair price and choose the example in the best condition.

The 2024 Mitsubishi Triton is designed to meet the needs of Australian drivers looking for a practical, dependable vehicle. This review explores styling, cabin quality, infotainment, engine performance, ride comfort, handling, fuel economy or energy efficiency, safety technology, reliability, servicing, resale value and ownership costs. Before buying a used example, verify the service history, obtain a PPSR report, inspect the VIN, test all electronics, check tyres and brakes, and arrange an independent mechanical inspection. Comparing several vehicles in the market helps ensure you pay a fair price and choose the example in the best condition.

The 2024 Mitsubishi Triton is designed to meet the needs of Australian drivers looking for a practical, dependable vehicle. This review explores styling, cabin quality, infotainment, engine performance, ride comfort, handling, fuel economy or energy efficiency, safety technology, reliability, servicing, resale value and ownership costs. Before buying a used example, verify the service history, obtain a PPSR report, inspect the VIN, test all electronics, check tyres and brakes, and arrange an independent mechanical inspection. Comparing several vehicles in the market helps ensure you pay a fair price and choose the example in the best condition.

The 2024 Mitsubishi Triton is designed to meet the needs of Australian drivers looking for a practical, dependable vehicle. This review explores styling, cabin quality, infotainment, engine performance, ride comfort, handling, fuel economy or energy efficiency, safety technology, reliability, servicing, resale value and ownership costs. Before buying a used example, verify the service history, obtain a PPSR report, inspect the VIN, test all electronics, check tyres and brakes, and arrange an independent mechanical inspection. Comparing several vehicles in the market helps ensure you pay a fair price and choose the example in the best condition.

The 2024 Mitsubishi Triton is designed to meet the needs of Australian drivers looking for a practical, dependable vehicle. This review explores styling, cabin quality, infotainment, engine performance, ride comfort, handling, fuel economy or energy efficiency, safety technology, reliability, servicing, resale value and ownership costs. Before buying a used example, verify the service history, obtain a PPSR report, inspect the VIN, test all electronics, check tyres and brakes, and arrange an independent mechanical inspection. Comparing several vehicles in the market helps ensure you pay a fair price and choose the example in the best condition.

The 2024 Mitsubishi Triton is designed to meet the needs of Australian drivers looking for a practical, dependable vehicle. This review explores styling, cabin quality, infotainment, engine performance, ride comfort, handling, fuel economy or energy efficiency, safety technology, reliability, servicing, resale value and ownership costs. Before buying a used example, verify the service history, obtain a PPSR report, inspect the VIN, test all electronics, check tyres and brakes, and arrange an independent mechanical inspection. Comparing several vehicles in the market helps ensure you pay a fair price and choose the example in the best condition.

The 2024 Mitsubishi Triton is designed to meet the needs of Australian drivers looking for a practical, dependable vehicle. This review explores styling, cabin quality, infotainment, engine performance, ride comfort, handling, fuel economy or energy efficiency, safety technology, reliability, servicing, resale value and ownership costs. Before buying a used example, verify the service history, obtain a PPSR report, inspect the VIN, test all electronics, check tyres and brakes, and arrange an independent mechanical inspection. Comparing several vehicles in the market helps ensure you pay a fair price and choose the example in the best condition.

The 2024 Mitsubishi Triton is designed to meet the needs of Australian drivers looking for a practical, dependable vehicle. This review explores styling, cabin quality, infotainment, engine performance, ride comfort, handling, fuel economy or energy efficiency, safety technology, reliability, servicing, resale value and ownership costs. Before buying a used example, verify the service history, obtain a PPSR report, inspect the VIN, test all electronics, check tyres and brakes, and arrange an independent mechanical inspection. Comparing several vehicles in the market helps ensure you pay a fair price and choose the example in the best condition.

The 2024 Mitsubishi Triton is designed to meet the needs of Australian drivers looking for a practical, dependable vehicle. This review explores styling, cabin quality, infotainment, engine performance, ride comfort, handling, fuel economy or energy efficiency, safety technology, reliability, servicing, resale value and ownership costs. Before buying a used example, verify the service history, obtain a PPSR report, inspect the VIN, test all electronics, check tyres and brakes, and arrange an independent mechanical inspection. Comparing several vehicles in the market helps ensure you pay a fair price and choose the example in the best condition.

The 2024 Mitsubishi Triton is designed to meet the needs of Australian drivers looking for a practical, dependable vehicle. This review explores styling, cabin quality, infotainment, engine performance, ride comfort, handling, fuel economy or energy efficiency, safety technology, reliability, servicing, resale value and ownership costs. Before buying a used example, verify the service history, obtain a PPSR report, inspect the VIN, test all electronics, check tyres and brakes, and arrange an independent mechanical inspection. Comparing several vehicles in the market helps ensure you pay a fair price and choose the example in the best condition.

The 2024 Mitsubishi Triton is designed to meet the needs of Australian drivers looking for a practical, dependable vehicle. This review explores styling, cabin quality, infotainment, engine performance, ride comfort, handling, fuel economy or energy efficiency, safety technology, reliability, servicing, resale value and ownership costs. Before buying a used example, verify the service history, obtain a PPSR report, inspect the VIN, test all electronics, check tyres and brakes, and arrange an independent mechanical inspection. Comparing several vehicles in the market helps ensure you pay a fair price and choose the example in the best condition.

The 2024 Mitsubishi Triton is designed to meet the needs of Australian drivers looking for a practical, dependable vehicle. This review explores styling, cabin quality, infotainment, engine performance, ride comfort, handling, fuel economy or energy efficiency, safety technology, reliability, servicing, resale value and ownership costs. Before buying a used example, verify the service history, obtain a PPSR report, inspect the VIN, test all electronics, check tyres and brakes, and arrange an independent mechanical inspection. Comparing several vehicles in the market helps ensure you pay a fair price and choose the example in the best condition.

The 2024 Mitsubishi Triton is designed to meet the needs of Australian drivers looking for a practical, dependable vehicle. This review explores styling, cabin quality, infotainment, engine performance, ride comfort, handling, fuel economy or energy efficiency, safety technology, reliability, servicing, resale value and ownership costs. Before buying a used example, verify the service history, obtain a PPSR report, inspect the VIN, test all electronics, check tyres and brakes, and arrange an independent mechanical inspection. Comparing several vehicles in the market helps ensure you pay a fair price and choose the example in the best condition.

The 2024 Mitsubishi Triton is designed to meet the needs of Australian drivers looking for a practical, dependable vehicle. This review explores styling, cabin quality, infotainment, engine performance, ride comfort, handling, fuel economy or energy efficiency, safety technology, reliability, servicing, resale value and ownership costs. Before buying a used example, verify the service history, obtain a PPSR report, inspect the VIN, test all electronics, check tyres and brakes, and arrange an independent mechanical inspection. Comparing several vehicles in the market helps ensure you pay a fair price and choose the example in the best condition.

The 2024 Mitsubishi Triton is designed to meet the needs of Australian drivers looking for a practical, dependable vehicle. This review explores styling, cabin quality, infotainment, engine performance, ride comfort, handling, fuel economy or energy efficiency, safety technology, reliability, servicing, resale value and ownership costs. Before buying a used example, verify the service history, obtain a PPSR report, inspect the VIN, test all electronics, check tyres and brakes, and arrange an independent mechanical inspection. Comparing several vehicles in the market helps ensure you pay a fair price and choose the example in the best condition.

The 2024 Mitsubishi Triton is designed to meet the needs of Australian drivers looking for a practical, dependable vehicle. This review explores styling, cabin quality, infotainment, engine performance, ride comfort, handling, fuel economy or energy efficiency, safety technology, reliability, servicing, resale value and ownership costs. Before buying a used example, verify the service history, obtain a PPSR report, inspect the VIN, test all electronics, check tyres and brakes, and arrange an independent mechanical inspection. Comparing several vehicles in the market helps ensure you pay a fair price and choose the example in the best condition.

The 2024 Mitsubishi Triton is designed to meet the needs of Australian drivers looking for a practical, dependable vehicle. This review explores styling, cabin quality, infotainment, engine performance, ride comfort, handling, fuel economy or energy efficiency, safety technology, reliability, servicing, resale value and ownership costs. Before buying a used example, verify the service history, obtain a PPSR report, inspect the VIN, test all electronics, check tyres and brakes, and arrange an independent mechanical inspection. Comparing several vehicles in the market helps ensure you pay a fair price and choose the example in the best condition.

The 2024 Mitsubishi Triton is designed to meet the needs of Australian drivers looking for a practical, dependable vehicle. This review explores styling, cabin quality, infotainment, engine performance, ride comfort, handling, fuel economy or energy efficiency, safety technology, reliability, servicing, resale value and ownership costs. Before buying a used example, verify the service history, obtain a PPSR report, inspect the VIN, test all electronics, check tyres and brakes, and arrange an independent mechanical inspection. Comparing several vehicles in the market helps ensure you pay a fair price and choose the example in the best condition.","Is the Mitsubishi Triton reliable?
Generally yes, when serviced according to the manufacturer's schedule.

Should I buy a used Mitsubishi Triton?
Yes, provided it has a clean history, complete service records and passes a professional inspection.",2024 Mitsubishi Triton Review Australia | MyCarMarket Australia,Read our detailed 2024 Mitsubishi Triton review for Australian buyers.,TRUE,FALSE
2024 Mitsubishi Outlander Review Australia,2024-mitsubishi-outlander-review-australia,Mitsubishi,Outlander,2024,SUV,8.7,"In-depth Australian review of the 2024 Mitsubishi Outlander, including performance, technology, safety, ownership costs and used-car buying advice.",Practical | Strong safety | Comfortable | Good value | Everyday usability,Top grades cost more | Inspect used examples carefully | Some rivals excel in specific areas,"The 2024 Mitsubishi Outlander is designed to meet the needs of Australian drivers looking for a practical, dependable vehicle. This review explores styling, cabin quality, infotainment, engine performance, ride comfort, handling, fuel economy or energy efficiency, safety technology, reliability, servicing, resale value and ownership costs. Before buying a used example, verify the service history, obtain a PPSR report, inspect the VIN, test all electronics, check tyres and brakes, and arrange an independent mechanical inspection. Comparing several vehicles in the market helps ensure you pay a fair price and choose the example in the best condition.

The 2024 Mitsubishi Outlander is designed to meet the needs of Australian drivers looking for a practical, dependable vehicle. This review explores styling, cabin quality, infotainment, engine performance, ride comfort, handling, fuel economy or energy efficiency, safety technology, reliability, servicing, resale value and ownership costs. Before buying a used example, verify the service history, obtain a PPSR report, inspect the VIN, test all electronics, check tyres and brakes, and arrange an independent mechanical inspection. Comparing several vehicles in the market helps ensure you pay a fair price and choose the example in the best condition.

The 2024 Mitsubishi Outlander is designed to meet the needs of Australian drivers looking for a practical, dependable vehicle. This review explores styling, cabin quality, infotainment, engine performance, ride comfort, handling, fuel economy or energy efficiency, safety technology, reliability, servicing, resale value and ownership costs. Before buying a used example, verify the service history, obtain a PPSR report, inspect the VIN, test all electronics, check tyres and brakes, and arrange an independent mechanical inspection. Comparing several vehicles in the market helps ensure you pay a fair price and choose the example in the best condition.

The 2024 Mitsubishi Outlander is designed to meet the needs of Australian drivers looking for a practical, dependable vehicle. This review explores styling, cabin quality, infotainment, engine performance, ride comfort, handling, fuel economy or energy efficiency, safety technology, reliability, servicing, resale value and ownership costs. Before buying a used example, verify the service history, obtain a PPSR report, inspect the VIN, test all electronics, check tyres and brakes, and arrange an independent mechanical inspection. Comparing several vehicles in the market helps ensure you pay a fair price and choose the example in the best condition.

The 2024 Mitsubishi Outlander is designed to meet the needs of Australian drivers looking for a practical, dependable vehicle. This review explores styling, cabin quality, infotainment, engine performance, ride comfort, handling, fuel economy or energy efficiency, safety technology, reliability, servicing, resale value and ownership costs. Before buying a used example, verify the service history, obtain a PPSR report, inspect the VIN, test all electronics, check tyres and brakes, and arrange an independent mechanical inspection. Comparing several vehicles in the market helps ensure you pay a fair price and choose the example in the best condition.

The 2024 Mitsubishi Outlander is designed to meet the needs of Australian drivers looking for a practical, dependable vehicle. This review explores styling, cabin quality, infotainment, engine performance, ride comfort, handling, fuel economy or energy efficiency, safety technology, reliability, servicing, resale value and ownership costs. Before buying a used example, verify the service history, obtain a PPSR report, inspect the VIN, test all electronics, check tyres and brakes, and arrange an independent mechanical inspection. Comparing several vehicles in the market helps ensure you pay a fair price and choose the example in the best condition.

The 2024 Mitsubishi Outlander is designed to meet the needs of Australian drivers looking for a practical, dependable vehicle. This review explores styling, cabin quality, infotainment, engine performance, ride comfort, handling, fuel economy or energy efficiency, safety technology, reliability, servicing, resale value and ownership costs. Before buying a used example, verify the service history, obtain a PPSR report, inspect the VIN, test all electronics, check tyres and brakes, and arrange an independent mechanical inspection. Comparing several vehicles in the market helps ensure you pay a fair price and choose the example in the best condition.

The 2024 Mitsubishi Outlander is designed to meet the needs of Australian drivers looking for a practical, dependable vehicle. This review explores styling, cabin quality, infotainment, engine performance, ride comfort, handling, fuel economy or energy efficiency, safety technology, reliability, servicing, resale value and ownership costs. Before buying a used example, verify the service history, obtain a PPSR report, inspect the VIN, test all electronics, check tyres and brakes, and arrange an independent mechanical inspection. Comparing several vehicles in the market helps ensure you pay a fair price and choose the example in the best condition.

The 2024 Mitsubishi Outlander is designed to meet the needs of Australian drivers looking for a practical, dependable vehicle. This review explores styling, cabin quality, infotainment, engine performance, ride comfort, handling, fuel economy or energy efficiency, safety technology, reliability, servicing, resale value and ownership costs. Before buying a used example, verify the service history, obtain a PPSR report, inspect the VIN, test all electronics, check tyres and brakes, and arrange an independent mechanical inspection. Comparing several vehicles in the market helps ensure you pay a fair price and choose the example in the best condition.

The 2024 Mitsubishi Outlander is designed to meet the needs of Australian drivers looking for a practical, dependable vehicle. This review explores styling, cabin quality, infotainment, engine performance, ride comfort, handling, fuel economy or energy efficiency, safety technology, reliability, servicing, resale value and ownership costs. Before buying a used example, verify the service history, obtain a PPSR report, inspect the VIN, test all electronics, check tyres and brakes, and arrange an independent mechanical inspection. Comparing several vehicles in the market helps ensure you pay a fair price and choose the example in the best condition.

The 2024 Mitsubishi Outlander is designed to meet the needs of Australian drivers looking for a practical, dependable vehicle. This review explores styling, cabin quality, infotainment, engine performance, ride comfort, handling, fuel economy or energy efficiency, safety technology, reliability, servicing, resale value and ownership costs. Before buying a used example, verify the service history, obtain a PPSR report, inspect the VIN, test all electronics, check tyres and brakes, and arrange an independent mechanical inspection. Comparing several vehicles in the market helps ensure you pay a fair price and choose the example in the best condition.

The 2024 Mitsubishi Outlander is designed to meet the needs of Australian drivers looking for a practical, dependable vehicle. This review explores styling, cabin quality, infotainment, engine performance, ride comfort, handling, fuel economy or energy efficiency, safety technology, reliability, servicing, resale value and ownership costs. Before buying a used example, verify the service history, obtain a PPSR report, inspect the VIN, test all electronics, check tyres and brakes, and arrange an independent mechanical inspection. Comparing several vehicles in the market helps ensure you pay a fair price and choose the example in the best condition.

The 2024 Mitsubishi Outlander is designed to meet the needs of Australian drivers looking for a practical, dependable vehicle. This review explores styling, cabin quality, infotainment, engine performance, ride comfort, handling, fuel economy or energy efficiency, safety technology, reliability, servicing, resale value and ownership costs. Before buying a used example, verify the service history, obtain a PPSR report, inspect the VIN, test all electronics, check tyres and brakes, and arrange an independent mechanical inspection. Comparing several vehicles in the market helps ensure you pay a fair price and choose the example in the best condition.

The 2024 Mitsubishi Outlander is designed to meet the needs of Australian drivers looking for a practical, dependable vehicle. This review explores styling, cabin quality, infotainment, engine performance, ride comfort, handling, fuel economy or energy efficiency, safety technology, reliability, servicing, resale value and ownership costs. Before buying a used example, verify the service history, obtain a PPSR report, inspect the VIN, test all electronics, check tyres and brakes, and arrange an independent mechanical inspection. Comparing several vehicles in the market helps ensure you pay a fair price and choose the example in the best condition.

The 2024 Mitsubishi Outlander is designed to meet the needs of Australian drivers looking for a practical, dependable vehicle. This review explores styling, cabin quality, infotainment, engine performance, ride comfort, handling, fuel economy or energy efficiency, safety technology, reliability, servicing, resale value and ownership costs. Before buying a used example, verify the service history, obtain a PPSR report, inspect the VIN, test all electronics, check tyres and brakes, and arrange an independent mechanical inspection. Comparing several vehicles in the market helps ensure you pay a fair price and choose the example in the best condition.

The 2024 Mitsubishi Outlander is designed to meet the needs of Australian drivers looking for a practical, dependable vehicle. This review explores styling, cabin quality, infotainment, engine performance, ride comfort, handling, fuel economy or energy efficiency, safety technology, reliability, servicing, resale value and ownership costs. Before buying a used example, verify the service history, obtain a PPSR report, inspect the VIN, test all electronics, check tyres and brakes, and arrange an independent mechanical inspection. Comparing several vehicles in the market helps ensure you pay a fair price and choose the example in the best condition.

The 2024 Mitsubishi Outlander is designed to meet the needs of Australian drivers looking for a practical, dependable vehicle. This review explores styling, cabin quality, infotainment, engine performance, ride comfort, handling, fuel economy or energy efficiency, safety technology, reliability, servicing, resale value and ownership costs. Before buying a used example, verify the service history, obtain a PPSR report, inspect the VIN, test all electronics, check tyres and brakes, and arrange an independent mechanical inspection. Comparing several vehicles in the market helps ensure you pay a fair price and choose the example in the best condition.

The 2024 Mitsubishi Outlander is designed to meet the needs of Australian drivers looking for a practical, dependable vehicle. This review explores styling, cabin quality, infotainment, engine performance, ride comfort, handling, fuel economy or energy efficiency, safety technology, reliability, servicing, resale value and ownership costs. Before buying a used example, verify the service history, obtain a PPSR report, inspect the VIN, test all electronics, check tyres and brakes, and arrange an independent mechanical inspection. Comparing several vehicles in the market helps ensure you pay a fair price and choose the example in the best condition.

The 2024 Mitsubishi Outlander is designed to meet the needs of Australian drivers looking for a practical, dependable vehicle. This review explores styling, cabin quality, infotainment, engine performance, ride comfort, handling, fuel economy or energy efficiency, safety technology, reliability, servicing, resale value and ownership costs. Before buying a used example, verify the service history, obtain a PPSR report, inspect the VIN, test all electronics, check tyres and brakes, and arrange an independent mechanical inspection. Comparing several vehicles in the market helps ensure you pay a fair price and choose the example in the best condition.

The 2024 Mitsubishi Outlander is designed to meet the needs of Australian drivers looking for a practical, dependable vehicle. This review explores styling, cabin quality, infotainment, engine performance, ride comfort, handling, fuel economy or energy efficiency, safety technology, reliability, servicing, resale value and ownership costs. Before buying a used example, verify the service history, obtain a PPSR report, inspect the VIN, test all electronics, check tyres and brakes, and arrange an independent mechanical inspection. Comparing several vehicles in the market helps ensure you pay a fair price and choose the example in the best condition.","Is the Mitsubishi Outlander reliable?
Generally yes, when serviced according to the manufacturer's schedule.

Should I buy a used Mitsubishi Outlander?
Yes, provided it has a clean history, complete service records and passes a professional inspection.",2024 Mitsubishi Outlander Review Australia | MyCarMarket Australia,Read our detailed 2024 Mitsubishi Outlander review for Australian buyers.,TRUE,FALSE
2024 Nissan X-Trail Review Australia,2024-nissan-x-trail-review-australia,Nissan,X-Trail,2024,SUV,8.6,"In-depth Australian review of the 2024 Nissan X-Trail, including performance, technology, safety, ownership costs and used-car buying advice.",Practical | Strong safety | Comfortable | Good value | Everyday usability,Top grades cost more | Inspect used examples carefully | Some rivals excel in specific areas,"The 2024 Nissan X-Trail is designed to meet the needs of Australian drivers looking for a practical, dependable vehicle. This review explores styling, cabin quality, infotainment, engine performance, ride comfort, handling, fuel economy or energy efficiency, safety technology, reliability, servicing, resale value and ownership costs. Before buying a used example, verify the service history, obtain a PPSR report, inspect the VIN, test all electronics, check tyres and brakes, and arrange an independent mechanical inspection. Comparing several vehicles in the market helps ensure you pay a fair price and choose the example in the best condition.

The 2024 Nissan X-Trail is designed to meet the needs of Australian drivers looking for a practical, dependable vehicle. This review explores styling, cabin quality, infotainment, engine performance, ride comfort, handling, fuel economy or energy efficiency, safety technology, reliability, servicing, resale value and ownership costs. Before buying a used example, verify the service history, obtain a PPSR report, inspect the VIN, test all electronics, check tyres and brakes, and arrange an independent mechanical inspection. Comparing several vehicles in the market helps ensure you pay a fair price and choose the example in the best condition.

The 2024 Nissan X-Trail is designed to meet the needs of Australian drivers looking for a practical, dependable vehicle. This review explores styling, cabin quality, infotainment, engine performance, ride comfort, handling, fuel economy or energy efficiency, safety technology, reliability, servicing, resale value and ownership costs. Before buying a used example, verify the service history, obtain a PPSR report, inspect the VIN, test all electronics, check tyres and brakes, and arrange an independent mechanical inspection. Comparing several vehicles in the market helps ensure you pay a fair price and choose the example in the best condition.

The 2024 Nissan X-Trail is designed to meet the needs of Australian drivers looking for a practical, dependable vehicle. This review explores styling, cabin quality, infotainment, engine performance, ride comfort, handling, fuel economy or energy efficiency, safety technology, reliability, servicing, resale value and ownership costs. Before buying a used example, verify the service history, obtain a PPSR report, inspect the VIN, test all electronics, check tyres and brakes, and arrange an independent mechanical inspection. Comparing several vehicles in the market helps ensure you pay a fair price and choose the example in the best condition.

The 2024 Nissan X-Trail is designed to meet the needs of Australian drivers looking for a practical, dependable vehicle. This review explores styling, cabin quality, infotainment, engine performance, ride comfort, handling, fuel economy or energy efficiency, safety technology, reliability, servicing, resale value and ownership costs. Before buying a used example, verify the service history, obtain a PPSR report, inspect the VIN, test all electronics, check tyres and brakes, and arrange an independent mechanical inspection. Comparing several vehicles in the market helps ensure you pay a fair price and choose the example in the best condition.

The 2024 Nissan X-Trail is designed to meet the needs of Australian drivers looking for a practical, dependable vehicle. This review explores styling, cabin quality, infotainment, engine performance, ride comfort, handling, fuel economy or energy efficiency, safety technology, reliability, servicing, resale value and ownership costs. Before buying a used example, verify the service history, obtain a PPSR report, inspect the VIN, test all electronics, check tyres and brakes, and arrange an independent mechanical inspection. Comparing several vehicles in the market helps ensure you pay a fair price and choose the example in the best condition.

The 2024 Nissan X-Trail is designed to meet the needs of Australian drivers looking for a practical, dependable vehicle. This review explores styling, cabin quality, infotainment, engine performance, ride comfort, handling, fuel economy or energy efficiency, safety technology, reliability, servicing, resale value and ownership costs. Before buying a used example, verify the service history, obtain a PPSR report, inspect the VIN, test all electronics, check tyres and brakes, and arrange an independent mechanical inspection. Comparing several vehicles in the market helps ensure you pay a fair price and choose the example in the best condition.

The 2024 Nissan X-Trail is designed to meet the needs of Australian drivers looking for a practical, dependable vehicle. This review explores styling, cabin quality, infotainment, engine performance, ride comfort, handling, fuel economy or energy efficiency, safety technology, reliability, servicing, resale value and ownership costs. Before buying a used example, verify the service history, obtain a PPSR report, inspect the VIN, test all electronics, check tyres and brakes, and arrange an independent mechanical inspection. Comparing several vehicles in the market helps ensure you pay a fair price and choose the example in the best condition.

The 2024 Nissan X-Trail is designed to meet the needs of Australian drivers looking for a practical, dependable vehicle. This review explores styling, cabin quality, infotainment, engine performance, ride comfort, handling, fuel economy or energy efficiency, safety technology, reliability, servicing, resale value and ownership costs. Before buying a used example, verify the service history, obtain a PPSR report, inspect the VIN, test all electronics, check tyres and brakes, and arrange an independent mechanical inspection. Comparing several vehicles in the market helps ensure you pay a fair price and choose the example in the best condition.

The 2024 Nissan X-Trail is designed to meet the needs of Australian drivers looking for a practical, dependable vehicle. This review explores styling, cabin quality, infotainment, engine performance, ride comfort, handling, fuel economy or energy efficiency, safety technology, reliability, servicing, resale value and ownership costs. Before buying a used example, verify the service history, obtain a PPSR report, inspect the VIN, test all electronics, check tyres and brakes, and arrange an independent mechanical inspection. Comparing several vehicles in the market helps ensure you pay a fair price and choose the example in the best condition.

The 2024 Nissan X-Trail is designed to meet the needs of Australian drivers looking for a practical, dependable vehicle. This review explores styling, cabin quality, infotainment, engine performance, ride comfort, handling, fuel economy or energy efficiency, safety technology, reliability, servicing, resale value and ownership costs. Before buying a used example, verify the service history, obtain a PPSR report, inspect the VIN, test all electronics, check tyres and brakes, and arrange an independent mechanical inspection. Comparing several vehicles in the market helps ensure you pay a fair price and choose the example in the best condition.

The 2024 Nissan X-Trail is designed to meet the needs of Australian drivers looking for a practical, dependable vehicle. This review explores styling, cabin quality, infotainment, engine performance, ride comfort, handling, fuel economy or energy efficiency, safety technology, reliability, servicing, resale value and ownership costs. Before buying a used example, verify the service history, obtain a PPSR report, inspect the VIN, test all electronics, check tyres and brakes, and arrange an independent mechanical inspection. Comparing several vehicles in the market helps ensure you pay a fair price and choose the example in the best condition.

The 2024 Nissan X-Trail is designed to meet the needs of Australian drivers looking for a practical, dependable vehicle. This review explores styling, cabin quality, infotainment, engine performance, ride comfort, handling, fuel economy or energy efficiency, safety technology, reliability, servicing, resale value and ownership costs. Before buying a used example, verify the service history, obtain a PPSR report, inspect the VIN, test all electronics, check tyres and brakes, and arrange an independent mechanical inspection. Comparing several vehicles in the market helps ensure you pay a fair price and choose the example in the best condition.

The 2024 Nissan X-Trail is designed to meet the needs of Australian drivers looking for a practical, dependable vehicle. This review explores styling, cabin quality, infotainment, engine performance, ride comfort, handling, fuel economy or energy efficiency, safety technology, reliability, servicing, resale value and ownership costs. Before buying a used example, verify the service history, obtain a PPSR report, inspect the VIN, test all electronics, check tyres and brakes, and arrange an independent mechanical inspection. Comparing several vehicles in the market helps ensure you pay a fair price and choose the example in the best condition.

The 2024 Nissan X-Trail is designed to meet the needs of Australian drivers looking for a practical, dependable vehicle. This review explores styling, cabin quality, infotainment, engine performance, ride comfort, handling, fuel economy or energy efficiency, safety technology, reliability, servicing, resale value and ownership costs. Before buying a used example, verify the service history, obtain a PPSR report, inspect the VIN, test all electronics, check tyres and brakes, and arrange an independent mechanical inspection. Comparing several vehicles in the market helps ensure you pay a fair price and choose the example in the best condition.

The 2024 Nissan X-Trail is designed to meet the needs of Australian drivers looking for a practical, dependable vehicle. This review explores styling, cabin quality, infotainment, engine performance, ride comfort, handling, fuel economy or energy efficiency, safety technology, reliability, servicing, resale value and ownership costs. Before buying a used example, verify the service history, obtain a PPSR report, inspect the VIN, test all electronics, check tyres and brakes, and arrange an independent mechanical inspection. Comparing several vehicles in the market helps ensure you pay a fair price and choose the example in the best condition.

The 2024 Nissan X-Trail is designed to meet the needs of Australian drivers looking for a practical, dependable vehicle. This review explores styling, cabin quality, infotainment, engine performance, ride comfort, handling, fuel economy or energy efficiency, safety technology, reliability, servicing, resale value and ownership costs. Before buying a used example, verify the service history, obtain a PPSR report, inspect the VIN, test all electronics, check tyres and brakes, and arrange an independent mechanical inspection. Comparing several vehicles in the market helps ensure you pay a fair price and choose the example in the best condition.

The 2024 Nissan X-Trail is designed to meet the needs of Australian drivers looking for a practical, dependable vehicle. This review explores styling, cabin quality, infotainment, engine performance, ride comfort, handling, fuel economy or energy efficiency, safety technology, reliability, servicing, resale value and ownership costs. Before buying a used example, verify the service history, obtain a PPSR report, inspect the VIN, test all electronics, check tyres and brakes, and arrange an independent mechanical inspection. Comparing several vehicles in the market helps ensure you pay a fair price and choose the example in the best condition.

The 2024 Nissan X-Trail is designed to meet the needs of Australian drivers looking for a practical, dependable vehicle. This review explores styling, cabin quality, infotainment, engine performance, ride comfort, handling, fuel economy or energy efficiency, safety technology, reliability, servicing, resale value and ownership costs. Before buying a used example, verify the service history, obtain a PPSR report, inspect the VIN, test all electronics, check tyres and brakes, and arrange an independent mechanical inspection. Comparing several vehicles in the market helps ensure you pay a fair price and choose the example in the best condition.

The 2024 Nissan X-Trail is designed to meet the needs of Australian drivers looking for a practical, dependable vehicle. This review explores styling, cabin quality, infotainment, engine performance, ride comfort, handling, fuel economy or energy efficiency, safety technology, reliability, servicing, resale value and ownership costs. Before buying a used example, verify the service history, obtain a PPSR report, inspect the VIN, test all electronics, check tyres and brakes, and arrange an independent mechanical inspection. Comparing several vehicles in the market helps ensure you pay a fair price and choose the example in the best condition.","Is the Nissan X-Trail reliable?
Generally yes, when serviced according to the manufacturer's schedule.

Should I buy a used Nissan X-Trail?
Yes, provided it has a clean history, complete service records and passes a professional inspection.",2024 Nissan X-Trail Review Australia | MyCarMarket Australia,Read our detailed 2024 Nissan X-Trail review for Australian buyers.,TRUE,FALSE
2024 Tesla Model Y Review Australia,2024-tesla-model-y-review-australia,Tesla,Model Y,2024,SUV,9.1,"In-depth Australian review of the 2024 Tesla Model Y, including performance, technology, safety, ownership costs and used-car buying advice.",Practical | Strong safety | Comfortable | Good value | Everyday usability,Top grades cost more | Inspect used examples carefully | Some rivals excel in specific areas,"The 2024 Tesla Model Y is designed to meet the needs of Australian drivers looking for a practical, dependable vehicle. This review explores styling, cabin quality, infotainment, engine performance, ride comfort, handling, fuel economy or energy efficiency, safety technology, reliability, servicing, resale value and ownership costs. Before buying a used example, verify the service history, obtain a PPSR report, inspect the VIN, test all electronics, check tyres and brakes, and arrange an independent mechanical inspection. Comparing several vehicles in the market helps ensure you pay a fair price and choose the example in the best condition.

The 2024 Tesla Model Y is designed to meet the needs of Australian drivers looking for a practical, dependable vehicle. This review explores styling, cabin quality, infotainment, engine performance, ride comfort, handling, fuel economy or energy efficiency, safety technology, reliability, servicing, resale value and ownership costs. Before buying a used example, verify the service history, obtain a PPSR report, inspect the VIN, test all electronics, check tyres and brakes, and arrange an independent mechanical inspection. Comparing several vehicles in the market helps ensure you pay a fair price and choose the example in the best condition.

The 2024 Tesla Model Y is designed to meet the needs of Australian drivers looking for a practical, dependable vehicle. This review explores styling, cabin quality, infotainment, engine performance, ride comfort, handling, fuel economy or energy efficiency, safety technology, reliability, servicing, resale value and ownership costs. Before buying a used example, verify the service history, obtain a PPSR report, inspect the VIN, test all electronics, check tyres and brakes, and arrange an independent mechanical inspection. Comparing several vehicles in the market helps ensure you pay a fair price and choose the example in the best condition.

The 2024 Tesla Model Y is designed to meet the needs of Australian drivers looking for a practical, dependable vehicle. This review explores styling, cabin quality, infotainment, engine performance, ride comfort, handling, fuel economy or energy efficiency, safety technology, reliability, servicing, resale value and ownership costs. Before buying a used example, verify the service history, obtain a PPSR report, inspect the VIN, test all electronics, check tyres and brakes, and arrange an independent mechanical inspection. Comparing several vehicles in the market helps ensure you pay a fair price and choose the example in the best condition.

The 2024 Tesla Model Y is designed to meet the needs of Australian drivers looking for a practical, dependable vehicle. This review explores styling, cabin quality, infotainment, engine performance, ride comfort, handling, fuel economy or energy efficiency, safety technology, reliability, servicing, resale value and ownership costs. Before buying a used example, verify the service history, obtain a PPSR report, inspect the VIN, test all electronics, check tyres and brakes, and arrange an independent mechanical inspection. Comparing several vehicles in the market helps ensure you pay a fair price and choose the example in the best condition.

The 2024 Tesla Model Y is designed to meet the needs of Australian drivers looking for a practical, dependable vehicle. This review explores styling, cabin quality, infotainment, engine performance, ride comfort, handling, fuel economy or energy efficiency, safety technology, reliability, servicing, resale value and ownership costs. Before buying a used example, verify the service history, obtain a PPSR report, inspect the VIN, test all electronics, check tyres and brakes, and arrange an independent mechanical inspection. Comparing several vehicles in the market helps ensure you pay a fair price and choose the example in the best condition.

The 2024 Tesla Model Y is designed to meet the needs of Australian drivers looking for a practical, dependable vehicle. This review explores styling, cabin quality, infotainment, engine performance, ride comfort, handling, fuel economy or energy efficiency, safety technology, reliability, servicing, resale value and ownership costs. Before buying a used example, verify the service history, obtain a PPSR report, inspect the VIN, test all electronics, check tyres and brakes, and arrange an independent mechanical inspection. Comparing several vehicles in the market helps ensure you pay a fair price and choose the example in the best condition.

The 2024 Tesla Model Y is designed to meet the needs of Australian drivers looking for a practical, dependable vehicle. This review explores styling, cabin quality, infotainment, engine performance, ride comfort, handling, fuel economy or energy efficiency, safety technology, reliability, servicing, resale value and ownership costs. Before buying a used example, verify the service history, obtain a PPSR report, inspect the VIN, test all electronics, check tyres and brakes, and arrange an independent mechanical inspection. Comparing several vehicles in the market helps ensure you pay a fair price and choose the example in the best condition.

The 2024 Tesla Model Y is designed to meet the needs of Australian drivers looking for a practical, dependable vehicle. This review explores styling, cabin quality, infotainment, engine performance, ride comfort, handling, fuel economy or energy efficiency, safety technology, reliability, servicing, resale value and ownership costs. Before buying a used example, verify the service history, obtain a PPSR report, inspect the VIN, test all electronics, check tyres and brakes, and arrange an independent mechanical inspection. Comparing several vehicles in the market helps ensure you pay a fair price and choose the example in the best condition.

The 2024 Tesla Model Y is designed to meet the needs of Australian drivers looking for a practical, dependable vehicle. This review explores styling, cabin quality, infotainment, engine performance, ride comfort, handling, fuel economy or energy efficiency, safety technology, reliability, servicing, resale value and ownership costs. Before buying a used example, verify the service history, obtain a PPSR report, inspect the VIN, test all electronics, check tyres and brakes, and arrange an independent mechanical inspection. Comparing several vehicles in the market helps ensure you pay a fair price and choose the example in the best condition.

The 2024 Tesla Model Y is designed to meet the needs of Australian drivers looking for a practical, dependable vehicle. This review explores styling, cabin quality, infotainment, engine performance, ride comfort, handling, fuel economy or energy efficiency, safety technology, reliability, servicing, resale value and ownership costs. Before buying a used example, verify the service history, obtain a PPSR report, inspect the VIN, test all electronics, check tyres and brakes, and arrange an independent mechanical inspection. Comparing several vehicles in the market helps ensure you pay a fair price and choose the example in the best condition.

The 2024 Tesla Model Y is designed to meet the needs of Australian drivers looking for a practical, dependable vehicle. This review explores styling, cabin quality, infotainment, engine performance, ride comfort, handling, fuel economy or energy efficiency, safety technology, reliability, servicing, resale value and ownership costs. Before buying a used example, verify the service history, obtain a PPSR report, inspect the VIN, test all electronics, check tyres and brakes, and arrange an independent mechanical inspection. Comparing several vehicles in the market helps ensure you pay a fair price and choose the example in the best condition.

The 2024 Tesla Model Y is designed to meet the needs of Australian drivers looking for a practical, dependable vehicle. This review explores styling, cabin quality, infotainment, engine performance, ride comfort, handling, fuel economy or energy efficiency, safety technology, reliability, servicing, resale value and ownership costs. Before buying a used example, verify the service history, obtain a PPSR report, inspect the VIN, test all electronics, check tyres and brakes, and arrange an independent mechanical inspection. Comparing several vehicles in the market helps ensure you pay a fair price and choose the example in the best condition.

The 2024 Tesla Model Y is designed to meet the needs of Australian drivers looking for a practical, dependable vehicle. This review explores styling, cabin quality, infotainment, engine performance, ride comfort, handling, fuel economy or energy efficiency, safety technology, reliability, servicing, resale value and ownership costs. Before buying a used example, verify the service history, obtain a PPSR report, inspect the VIN, test all electronics, check tyres and brakes, and arrange an independent mechanical inspection. Comparing several vehicles in the market helps ensure you pay a fair price and choose the example in the best condition.

The 2024 Tesla Model Y is designed to meet the needs of Australian drivers looking for a practical, dependable vehicle. This review explores styling, cabin quality, infotainment, engine performance, ride comfort, handling, fuel economy or energy efficiency, safety technology, reliability, servicing, resale value and ownership costs. Before buying a used example, verify the service history, obtain a PPSR report, inspect the VIN, test all electronics, check tyres and brakes, and arrange an independent mechanical inspection. Comparing several vehicles in the market helps ensure you pay a fair price and choose the example in the best condition.

The 2024 Tesla Model Y is designed to meet the needs of Australian drivers looking for a practical, dependable vehicle. This review explores styling, cabin quality, infotainment, engine performance, ride comfort, handling, fuel economy or energy efficiency, safety technology, reliability, servicing, resale value and ownership costs. Before buying a used example, verify the service history, obtain a PPSR report, inspect the VIN, test all electronics, check tyres and brakes, and arrange an independent mechanical inspection. Comparing several vehicles in the market helps ensure you pay a fair price and choose the example in the best condition.

The 2024 Tesla Model Y is designed to meet the needs of Australian drivers looking for a practical, dependable vehicle. This review explores styling, cabin quality, infotainment, engine performance, ride comfort, handling, fuel economy or energy efficiency, safety technology, reliability, servicing, resale value and ownership costs. Before buying a used example, verify the service history, obtain a PPSR report, inspect the VIN, test all electronics, check tyres and brakes, and arrange an independent mechanical inspection. Comparing several vehicles in the market helps ensure you pay a fair price and choose the example in the best condition.

The 2024 Tesla Model Y is designed to meet the needs of Australian drivers looking for a practical, dependable vehicle. This review explores styling, cabin quality, infotainment, engine performance, ride comfort, handling, fuel economy or energy efficiency, safety technology, reliability, servicing, resale value and ownership costs. Before buying a used example, verify the service history, obtain a PPSR report, inspect the VIN, test all electronics, check tyres and brakes, and arrange an independent mechanical inspection. Comparing several vehicles in the market helps ensure you pay a fair price and choose the example in the best condition.

The 2024 Tesla Model Y is designed to meet the needs of Australian drivers looking for a practical, dependable vehicle. This review explores styling, cabin quality, infotainment, engine performance, ride comfort, handling, fuel economy or energy efficiency, safety technology, reliability, servicing, resale value and ownership costs. Before buying a used example, verify the service history, obtain a PPSR report, inspect the VIN, test all electronics, check tyres and brakes, and arrange an independent mechanical inspection. Comparing several vehicles in the market helps ensure you pay a fair price and choose the example in the best condition.

The 2024 Tesla Model Y is designed to meet the needs of Australian drivers looking for a practical, dependable vehicle. This review explores styling, cabin quality, infotainment, engine performance, ride comfort, handling, fuel economy or energy efficiency, safety technology, reliability, servicing, resale value and ownership costs. Before buying a used example, verify the service history, obtain a PPSR report, inspect the VIN, test all electronics, check tyres and brakes, and arrange an independent mechanical inspection. Comparing several vehicles in the market helps ensure you pay a fair price and choose the example in the best condition.","Is the Tesla Model Y reliable?
Generally yes, when serviced according to the manufacturer's schedule.

Should I buy a used Tesla Model Y?
Yes, provided it has a clean history, complete service records and passes a professional inspection.",2024 Tesla Model Y Review Australia | MyCarMarket Australia,Read our detailed 2024 Tesla Model Y review for Australian buyers.,TRUE,FALSE
